{
	"openSourceProjects": [
		{
			"name": "react-currency-app",
			"description": "Currency Exchange App with real time conversions and store management in Redux.",
			"tech": ["redux", "react", "api"],
			"url": "https://github.com/nikantic/react-currency-app"
		},
		{
			"name": "my-react-stopwatch",
			"description": "A concurrent React Stopwatch App.",
			"tech": ["react", "es6"],
			"url": "https://github.com/nikantic/my-react-stopwatch"
		},
		{
			"name": "nikantic.github.io",
			"description": "My portfolio website.",
			"tech": ["react", "gsap", "sass"],
			"url": "https://github.com/nikantic/nikantic.github.io"
		}
	],
	"skills": [
		"JavaScript",
		"TypeScript",
		"React",
		"Redux",
		"MobX",
		"HTML",
		"CSS",
		"SASS",
		"PHP",
		"Git",
		"Subversion",
		"REST",
		"API",
		"Node",
		"Express",
		"MySQL",
		"MongoDB",
		"Java",
		"WebGL",
		"Gulp",
		"Webpack",
		"WordPress",
		"Responsive",
		"Usability",
		"Agile",
		"Scrum"
	],
	"about": "4 years of experience. Bachelor's Degree in IT. Open source contributor. Strong understanding of UI/UX."
}
